Workbook

Sheet Allocation
A1: Task | B1: Owner | C1: Start date | D1: End date | E1: Status
A2: Environment setup (Docker + Paperless-ngx v3.3.0) | B2: Both | C2: 46305 | D2: 46305 | E2: Done
A3: Test plan: scope, entry and exit criteria | B3: Azka | C3: 46305 | D3: 46306 | E3: Done
A4: Requirement analysis and RTM | B4: Musferah | C4: 46305 | D4: 46306 | E4: Done
A5: Test case design: M1 Auth & Users, M2 Documents, M6 Trash & Bulk | B5: Azka | C5: 46305 | D5: 46306 | E5: Done
A6: Test case design: M3 Attributes, M4 Search & Saved Views, M5 Workflows | B6: Musferah | C6: 46305 | D6: 46306 | E6: Done
A7: Prepare test data files (PDFs, images, empty and large files) | B7: Musferah | C7: 46305 | D7: 46305 | E7: Done
A8: Exploratory testing notes | B8: Both | C8: 46305 | D8: 46306 | E8: Done
A9: Execution + evidence: M1, M2, M6 | B9: Musferah | C9: 46306 | D9: 46307 | E9: Done
A10: Execution + evidence: M3, M4, M5 | B10: Musferah | C10: 46306 | D10: 46307 | E10: Done
A11: Defect logging and full defect reports (Appendix B) | B11: Both | C11: 46306 | D11: 46307 | E11: Done
A12: Test Summary Report: sections 1-5 | B12: Azka | C12: 46307 | D12: 46307 | E12: Done
A13: Test Summary Report: sections 6-9, charts, sign-off | B13: Azka | C13: 46307 | D13: 46307 | E13: Done
... A15: Viva rehearsal (10-minute walkthrough) | B15: Both | C15: 46307 | D15: 46307 | E15: Not Started

Sheet Requirements_RTM
A1: Requirement ID | B1: Module / Feature | C1: Requirement | D1: Priority | E1: Linked Test Cases | F1: # Test Cases | G1: # Passed | H1: # Failed | I1: Coverage
A2: FR-001 | B2: M1 Auth & Users | C2: A user with valid credentials can log in and reaches the dashboard. | D2: High | E2: TC-001 | F2: =COUNTIF(TestCases!$C$2:$C$300,A2) -> 1 | G2: =COUNTIFS(TestCases!$C$2:$C$300,A2,TestCases!$J$2:$J$300,"Pass") -> 1 | H2: =COUNTIFS(TestCases!$C$2:$C$300,A2,TestCases!$J$2:$J$300,"Fail") -> 0 | I2: =IF(F2=0,"NOT COVERED","Covered") -> Covered
A3: FR-002 | B3: M1 Auth & Users | C3: Login with invalid, empty or unknown credentials is refused with a clear error message. | D3: High | E3: TC-002, TC-003, TC-004 | F3: =COUNTIF(TestCases!$C$2:$C$300,A3) -> 3 | G3: =COUNTIFS(TestCases!$C$2:$C$300,A3,TestCases!$J$2:$J$300,"Pass") -> 3 | H3: =COUNTIFS(TestCases!$C$2:$C$300,A3,TestCases!$J$2:$J$300,"Fail") -> 0 | I3: =IF(F3=0,"NOT COVERED","Covered") -> Covered
A4: FR-003 | B4: M1 Auth & Users | C4: Logging out ends the session and protected pages require login again. | D4: High | E4: TC-005 | F4: =COUNTIF(TestCases!$C$2:$C$300,A4) -> 1 | G4: =COUNTIFS(TestCases!$C$2:$C$300,A4,TestCases!$J$2:$J$300,"Pass") -> 1 | H4: =COUNTIFS(TestCases!$C$2:$C$300,A4,TestCases!$J$2:$J$300,"Fail") -> 0 | I4: =IF(F4=0,"NOT COVERED","Covered") -> Covered
A5: FR-004 | B5: M1 Auth & Users | C5: An admin can create users; usernames must be unique and passwords must satisfy the password rules. | D5: High | E5: TC-006, TC-007, TC-008, TC-009 | F5: =COUNTIF(TestCases!$C$2:$C$300,A5) -> 4 | G5: =COUNTIFS(TestCases!$C$2:$C$300,A5,TestCases!$J$2:$J$300,"Pass") -> 4 | H5: =COUNTIFS(TestCases!$C$2:$C$300,A5,TestCases!$J$2:$J$300,"Fail") -> 0 | I5: =IF(F5=0,"NOT COVERED","Covered") -> Covered
A6: FR-005 | B6: M1 Auth & Users | C6: User permissions restrict what a user can view, edit or delete; admins can edit and delete users. | D6: High | E6: TC-010, TC-011, TC-066 | F6: =COUNTIF(TestCases!$C$2:$C$300,A6) -> 3 | G6: =COUNTIFS(TestCases!$C$2:$C$300,A6,TestCases!$J$2:$J$300,"Pass") -> 2 | H6: =COUNTIFS(TestCases!$C$2:$C$300,A6,TestCases!$J$2:$J$300,"Fail") -> 1 | I6: =IF(F6=0,"NOT COVERED","Covered") -> Covered
A7: FR-006 | B7: M2 Documents | C7: Valid documents (PDF, images) uploaded through the web UI are accepted, consumed and listed. | D7: High | E7: TC-012, TC-013, TC-018 | F7: =COUNTIF(TestCases!$C$2:$C$300,A7) -> 3 | G7: =COUNTIFS(TestCases!$C$2:$C$300,A7,TestCases!$J$2:$J$300,"Pass") -> 3 | H7: =COUNTIFS(TestCases!$C$2:$C$300,A7,TestCases!$J$2:$J$300,"Fail") -> 0 | I7: =IF(F7=0,"NOT COVERED","Covered") -> Covered
A8: FR-007 | B8: M2 Documents | C8: Unsupported, empty or invalid files are rejected with a meaningful message and the system keeps working. | D8: High | E8: TC-014, TC-015, TC-016 | F8: =COUNTIF(TestCases!$C$2:$C$300,A8) -> 3 | G8: =COUNTIFS(TestCases!$C$2:$C$300,A8,TestCases!$J$2:$J$300,"Pass") -> 2 | H8: =COUNTIFS(TestCases!$C$2:$C$300,A8,TestCases!$J$2:$J$300,"Fail") -> 0 | I8: =IF(F8=0,"NOT COVERED","Covered") -> Covered
A9: FR-008 | B9: M2 Documents | C9: The system detects duplicate documents. | D9: Medium | E9: TC-017 | F9: =COUNTIF(TestCases!$C$2:$C$300,A9) -> 1 | G9: =COUNTIFS(TestCases!$C$2:$C$300,A9,TestCases!$J$2:$J$300,"Pass") -> 1 | H9: =COUNTIFS(TestCases!$C$2:$C$300,A9,TestCases!$J$2:$J$300,"Fail") -> 0 | I9: =IF(F9=0,"NOT COVERED","Covered") -> Covered
A10: FR-009 | B10: M2 Documents | C10: A user can open a document and see its preview, metadata and extracted content. | D10: Medium | E10: TC-019 | F10: =COUNTIF(TestCases!$C$2:$C$300,A10) -> 1 | G10: =COUNTIFS(TestCases!$C$2:$C$300,A10,TestCases!$J$2:$J$300,"Pass") -> 1 | H10: =COUNTIFS(TestCases!$C$2:$C$300,A10,TestCases!$J$2:$J$300,"Fail") -> 0 | I10: =IF(F10=0,"NOT COVERED","Covered") -> Covered
A11: FR-010 | B11: M2 Documents | C11: A user can edit document metadata (title, dates, ASN); changes persist; ASN must be unique and valid. | D11: High | E11: TC-020, TC-021 | F11: =COUNTIF(TestCases!$C$2:$C$300,A11) -> 2 | G11: =COUNTIFS(TestCases!$C$2:$C$300,A11,TestCases!$J$2:$J$300,"Pass") -> 2 | H11: =COUNTIFS(TestCases!$C$2:$C$300,A11,TestCases!$J$2:$J$300,"Fail") -> 0 | I11: =IF(F11=0,"NOT COVERED","Covered") -> Covered
A12: FR-011 | B12: M2 Documents | C12: A user can download the original and archived versions of a document. | D12: Medium | E12: TC-022 | F12: =COUNTIF(TestCases!$C$2:$C$300,A12) -> 1 | G12: =COUNTIFS(TestCases!$C$2:$C$300,A12,TestCases!$J$2:$J$300,"Pass") -> 1 | H12: =COUNTIFS(TestCases!$C$2:$C$300,A12,TestCases!$J$2:$J$300,"Fail") -> 0 | I12: =IF(F12=0,"NOT COVERED","Covered") -> Covered
A13: FR-012 | B13: M2 Documents | C13: Deleting a document moves it to the trash after confirmation. | D13: High | E13: TC-023 | F13: =COUNTIF(TestCases!$C$2:$C$300,A13) -> 1 | G13: =COUNTIFS(TestCases!$C$2:$C$300,A13,TestCases!$J$2:$J$300,"Pass") -> 1 | H13: =COUNTIFS(TestCases!$C$2:$C$300,A13,TestCases!$J$2:$J$300,"Fail") -> 0 | I13: =IF(F13=0,"NOT COVERED","Covered") -> Covered
... A36: FR-035 | B36: M6 Trash & Bulk Actions | C36: Bulk delete and bulk download act only on the selected documents. | D36: High | E36: TC-059, TC-060 | F36: =COUNTIF(TestCases!$C$2:$C$300,A36) -> 2 | G36: =COUNTIFS(TestCases!$C$2:$C$300,A36,TestCases!$J$2:$J$300,"Pass") -> 2 | H36: =COUNTIFS(TestCases!$C$2:$C$300,A36,TestCases!$J$2:$J$300,"Fail") -> 0 | I36: =IF(F36=0,"NOT COVERED","Covered") -> Covered

Sheet TestCases
A1: Test Case ID | B1: Module / Feature | C1: Linked Requirement ID | D1: Title / Description | E1: Preconditions | F1: Test Steps | G1: Test Data | H1: Expected Result | I1: Actual Result | J1: Status | K1: Priority | L1: Severity | M1: Technique | N1: Tester | O1: Execution Date
A2: TC-001 | B2: M1 Auth & Users | C2: FR-001 | D2: Login with valid credentials | E2: Logged out; admin account exists. | F2: 1. Open http://localhost:8000 2. Enter username 3. Enter password 4. Click Sign in | G2: Username: testing; Password: 12345 | H2: User is logged in and lands on the Dashboard showing a greeting with the username. | I2: User is logged in successfully and a greeting message with the user name is showed | J2: Pass | K2: High | L2: Critical | M2: EP | N2: Musferah | O2: 46305
A3: TC-002 | B3: M1 Auth & Users | C3: FR-002 | D3: Login with correct username and wrong password | E3: Logged out. | F3: 1. Open the login page 2. Enter valid username 3. Enter wrong password 4. Click Sign in | G3: testing / WrongPass#1 | H3: Login is refused with a clear error message; user stays on the login page; no session is created. | I3: login is refused although it didnt specify either the username was incorrect or the password | J3: Pass | K3: High | L3: Major | M3: EP | N3: Musferah | O3: 46305
A4: TC-003 | B4: M1 Auth & Users | C4: FR-002 | D4: Login with empty username and password | E4: Logged out. | F4: 1. Open the login page 2. Leave both fields empty 3. Click Sign in | G4: Username: (empty); Password: (empty) | H4: Login is refused with a validation message; no error page or crash. | I4: field is required error message shown | J4: Pass | K4: Medium | L4: Minor | M4: BVA, EG | N4: Musferah | O4: 46305
A5: TC-004 | B5: M1 Auth & Users | C5: FR-002 | D5: Login with a non-existent username | E5: Logged out. | F5: 1. Open the login page 2. Enter an unknown username and any password 3. Click Sign in | G5: nouser123 / Test@12345 | H5: Login is refused with a clear error message. | I5: login is refused | J5: Pass | K5: Medium | L5: Minor | M5: EP | N5: Musferah | O5: 46305
A6: TC-005 | B6: M1 Auth & Users | C6: FR-003 | D6: Logout ends the session | E6: Logged in. | F6: 1. Click the username menu, choose Logout 2. Press the browser Back button 3. Open http://localhost:8000/documents directly | G6: n/a | H6: User is returned to the login page; Back and the direct URL do not show protected content until logging in again. | I6: user and signed out and the integrity of the data is maintained | J6: Pass | K6: High | L6: Major | M6: ST | N6: Musferah | O6: 46305
A7: TC-006 | B7: M1 Auth & Users | C7: FR-004 | D7: Admin creates a user with valid details | E7: Logged in as admin. | F7: 1. Open Settings > Users & Groups 2. Click Create 3. Fill in username and password 4. Save 5. Log in as the new user in a private window | G7: Username: testing2; Password: Str0ng!Pass#2026 | H7: User is created, appears in the user list and can log in. | I7: the user is created and can login with the correct credentials | J7: Pass | K7: High | L7: Major | M7: EP | N7: Musferah | O7: 46306
A8: TC-007 | B8: M1 Auth & Users | C8: FR-004 | D8: Password length boundary when creating a user | E8: Logged in as admin. | F8: 1. Create a user with a 7-character password 2. Create a user with an 8-character password | G8: 7 chars: Ab1!xyz; 8 chars: Ab1!xyz9 | H8: The 7-character password is rejected with a message about minimum length; the 8-character password is accepted. | I8: the user is created with the 8 character password and not with the 7 character password | J8: Pass | K8: Medium | L8: Major | M8: BVA | N8: Musferah | O8: 46306
A9: TC-008 | B9: M1 Auth & Users | C9: FR-004 | D9: Create user with common or all-numeric password | E9: Logged in as admin. | F9: 1. Create a user with password 12345678 2. Create a user with password password | G9: 12345678; password | H9: Both passwords are rejected with a message, consistent with the validator shown by the createsuperuser command. | I9: both passwords are rejected stating the entirely numeric and too common validators | J9: Pass | K9: Medium | L9: Major | M9: EP | N9: Musferah | O9: 46306
A10: TC-009 | B10: M1 Auth & Users | C10: FR-004 | D10: Create user with a duplicate username | E10: User testing exists. | F10: 1. Create another user named testing 2. Save | G10: Username: testing | H10: Creation is rejected with a clear 'already exists' style message; no duplicate user is created. | I10: the user creation is rejected with proper user already exsist error | J10: Pass | K10: Medium | L10: Major | M10: EP | N10: Musferah | O10: 46306
A11: TC-010 | B11: M1 Auth & Users | C11: FR-005 | D11: Permission matrix: view / edit / delete rights | E11: Admin logged in; at least 3 documents exist. | F11: 1. Create 4 users with these permission sets on documents: view only; view+edit; view+delete; no permissions 2. Log in as each user 3. Try to view, edit and delete a document | G11: Permission sets: V / V+E / V+D / none | H11: Each user can perform only the actions their permissions allow; blocked actions are hidden or denied with a message. | I11: each user performs only the permitted action and the ui changes accordingly | J11: Pass | K11: High | L11: Critical | M11: DT | N11: Musferah | O11: 46306
A12: TC-011 | B12: M1 Auth & Users | C12: FR-005 | D12: Edit and delete a user | E12: User tester01 exists. | F12: 1. Edit tester01's email and save 2. Delete tester01 3. Try logging in as tester01 | G12: Email: tester01@example.com | H12: Edit is saved; deleted user disappears from the list and can no longer log in. | I12: the user is deleted and is not able to login | J12: Pass | K12: Medium | L12: Major | M12: EP | N12: Musferah | O12: 46306
A13: TC-012 | B13: M2 Documents | C13: FR-006 | D13: Upload a valid PDF | E13: Logged in; sample.pdf prepared (1-page text PDF). | F13: 1. Click Upload documents 2. Select sample.pdf 3. Wait for processing | G13: sample.pdf | H13: Upload succeeds with a notification; the document appears in Documents with extracted title and content. | I13: the documents uploads successfully with the progressive bar | J13: Pass | K13: High | L13: Critical | M13: EP | N13: Azka | O13: 46306
... A68: TC-067 | B68: M4 Search & Saved Views | C68: FR-021 | D68: Custom field filter with an incomplete condition (empty value) | E68: Logged in; documents exist. | F68: 1. Open Documents and click the Custom fields filter 2. Add a condition: field 'date', operator 'Greater than or equal to' 3. Leave the value empty | G68: Field: date; Operator: Greater than or equal to; Value: (empty) | H68: The incomplete condition is ignored, or a clear message asks for a value; the list keeps working. | I68: The list shows 0 documents and a red banner reads 'Error while loading documents: custom_field_query: undefined'. | J68: Fail | K68: Medium | L68: Minor | M68: EG, EP | N68: Azka | O68: 46306

Sheet DefectLog
A1: Defect ID | B1: Title | C1: Module / Feature | D1: Linked TC ID | E1: Steps to Reproduce | F1: Expected Result | G1: Actual Result | H1: Severity | I1: Priority | J1: Status | K1: Evidence (EV no.) | L1: Reporter | M1: Date Reported | N1: Notes / Fix info | O1: Impact (used in Top 5 table) | P1: Rank score (automatic)
A2: DEF-001 | B2: Empty option label in a Select custom field causes a 500 Internal Server Error | C2: M3 Attributes | D2: TC-062 | E2: 1. Open Attributes > Custom fields > Create 2. Name: select; Data type: Select 3. Click Add option and leave the label empty 4. Click Save | F2: The empty label is rejected with a clear validation message and the field is not saved. | G2: Red 'Error saving field' popup. Details: POST /api/custom_fields/, status 500 Internal Server Error, with a raw HTML 'Server Error (500)' page. A single valid label saves normally. | H2: Major | I2: Medium | J2: Open | K2: EV-016: Select field with empty option label, popup Details expanded (500 and HTML error page) | L2: Musferah | M2: 46306 | N2: Reproduced twice. Add the last traceback line from: docker compose logs --tail 60 webserver, and search upstream issues for 'custom field select option 500' before reporting. | O2: A blank option label crashes the server instead of showing a validation message, so the Select field cannot be created and the cause is unclear to the user. | P2: =IF(A2="","",IFERROR((4-MATCH(H2,{"Critical","Major","Minor","Trivial"},0))*10+(4-MATCH(I2,{"High","Medium","Low"},0))+(100-ROW())/1000,0)) -> 22.098
A3: DEF-002 | B3: Select custom field with no options shows a raw API error instead of a clear message | C3: M3 Attributes | D3: TC-061 | E3: 1. Open Attributes > Custom fields > Create 2. Name: select; Data type: Select 3. Add no options 4. Click Save | F3: A clear message asks the user to add at least one option (or Save is disabled until an option exists). | G3: Red 'Error saving field' popup. Details: POST /api/custom_fields/, 400 Bad Request, 'extra_data.select_options must be a valid list'. The text is internal API wording. | H3: Minor | I3: Low | J3: Open | K3: EV-022: popup after saving with no options EV-023: popup Details expanded (400) | L3: Musferah | M3: 46306 | N3: The save is correctly refused; the defect is the unclear message. Related to DEF-001 (same form). | O3: Users see internal API wording instead of a plain instruction to add an option, so the fix is hard to find. | P3: =IF(A3="","",IFERROR((4-MATCH(H3,{"Critical","Major","Minor","Trivial"},0))*10+(4-MATCH(I3,{"High","Medium","Low"},0))+(100-ROW())/1000,0)) -> 11.097
A4: DEF-003 | B4: Whitespace-only option label is accepted in a Select custom field | C4: M3 Attributes | D4: TC-063 | E4: 1. Open Attributes > Custom fields > Create 2. Name: select; Data type: Select 3. Add an option whose label is only spaces 4. Click Save | F4: The whitespace-only label is rejected like an empty label. | G4: The field is saved successfully with the whitespace-only option. | H4: Minor | I4: Low | J4: Open | K4: Screenshot still to add: form with the spaces-only option and the success result | L4: Musferah | M4: 46306 | N4: Inconsistent with DEF-001: an empty label crashes (500) while a spaces-only label is accepted. Screenshot how the blank option looks in the document's dropdown. | O4: A blank-looking option can be saved and shows up as an empty choice on documents, which confuses users picking a value. | P4: =IF(A4="","",IFERROR((4-MATCH(H4,{"Critical","Major","Minor","Trivial"},0))*10+(4-MATCH(I4,{"High","Medium","Low"},0))+(100-ROW())/1000,0)) -> 11.096
A5: DEF-004 | B5: Duplicate option labels are accepted in a Select custom field | C5: M3 Attributes | D5: TC-064 | E5: 1. Open Attributes > Custom fields > Create 2. Name: select; Data type: Select 3. Add two options with the same label (Option A, Option A) 4. Click Save | F5: Duplicate option labels are rejected or flagged, as duplicate tag names are. | G5: Both options with the same label are accepted and saved. | H5: Minor | I5: Low | J5: Open | K5: Screenshot still to add: form with the two identical options and the success result | L5: Musferah | M5: 46306 | N5: Exact duplicate tag names are rejected (TC-026), so this is inconsistent. Screenshot the two identical choices in a document's dropdown. | O5: Identical options cannot be told apart, so users can pick the wrong value and the stored data becomes ambiguous. | P5: =IF(A5="","",IFERROR((4-MATCH(H5,{"Critical","Major","Minor","Trivial"},0))*10+(4-MATCH(I5,{"High","Medium","Low"},0))+(100-ROW())/1000,0)) -> 11.095
A6: DEF-005 | B6: Restricted user sees a raw 403 'Error loading settings' popup and an empty menu | C6: M1 Auth & Users | D6: TC-066 | E6: 1. As admin, create a user with Document View and Delete only; Admin off; no UISettings permission 2. Share the documents with that user 3. Log in as that user | F6: The user can use the permitted features, or sees a clear message explaining the missing access, with no raw technical error. | G6: Red 'Error loading settings' popup: /api/ui_settings/ 403 Forbidden. The sidebar shows only Dashboard and the Documents menu is missing. After UISettings: View is added, the menu and documents appear. | H6: Minor | I6: Medium | J6: Open | K6: EV-024: permissions page (no UISettings) EV-025: 403 popup EV-026: dashboard after UISettings added | L6: Musferah | M6: 46306 | N6: VERIFY BEFORE SUBMITTING: search the Paperless docs and GitHub discussions for 'UISettings' and 'ui_settings 403'. If this behaviour is documented as required, change Status to Rejected and move it to the observations section. | O6: A user with limited permissions sees a raw error and an almost empty menu, with no explanation of what is missing. | P6: =IF(A6="","",IFERROR((4-MATCH(H6,{"Critical","Major","Minor","Trivial"},0))*10+(4-MATCH(I6,{"High","Medium","Low"},0))+(100-ROW())/1000,0)) -> 12.094
A8: DEF-006 | B8: Saving a view with a duplicate name shows no message and no feedback | C8: M4 Search & Saved Views | D8: TC-042 | E8: 1. Open Documents and apply a tag filter 2. Open Views > Save as, enter a name and click Save 3. Apply the same filter again and open Save as 4. Enter the same name and click Save | F8: A clear message says the name already exists, or the Save button is disabled. | G8: Clicking Save gives no feedback: no error message, no confirmation, and the Save button is not disabled. | H8: Minor | I8: Low | J8: Open | K8: EV-027: Save current view dialog with the duplicate name | L8: Azka | M8: 46306 | N8: Open the Views list after saving and note whether a second view with the same name was created. | O8: Users get no feedback when a view cannot be saved, so they do not know whether it worked. | P8: =IF(A8="","",IFERROR((4-MATCH(H8,{"Critical","Major","Minor","Trivial"},0))*10+(4-MATCH(I8,{"High","Medium","Low"},0))+(100-ROW())/1000,0)) -> 11.092
A9: DEF-007 | B9: Custom field filter with an empty value shows a raw error ('custom_field_query: undefined') | C9: M4 Search & Saved Views | D9: TC-067 | E9: 1. Open Documents and click the Custom fields filter 2. Add a condition: field 'date', operator 'Greater than or equal to' 3. Leave the value empty | F9: The incomplete condition is ignored, or a clear message asks for a value; the document list keeps working. | G9: The list shows 0 documents and a red banner reads 'Error while loading documents: custom_field_query: undefined'. | H9: Minor | I9: Medium | J9: Open | K9: EV-028: filter condition with empty value and the error banner | L9: Azka | M9: 46306 | N9: Seen during testing; reproduce once more before the viva. Search upstream issues for 'custom_field_query undefined'. | O9: An incomplete filter breaks the document list with an unreadable error until the filter is reset. | P9: =IF(A9="","",IFERROR((4-MATCH(H9,{"Critical","Major","Minor","Trivial"},0))*10+(4-MATCH(I9,{"High","Medium","Low"},0))+(100-ROW())/1000,0)) -> 12.091
P10: =IF(A10="","",IFERROR((4-MATCH(H10,{"Critical","Major","Minor","Trivial"},0))*10+(4-MATCH(I10,{"High","Medium","Low"},0))+(100-ROW())/1000,0))
P11: =IF(A11="","",IFERROR((4-MATCH(H11,{"Critical","Major","Minor","Trivial"},0))*10+(4-MATCH(I11,{"High","Medium","Low"},0))+(100-ROW())/1000,0))
P12: =IF(A12="","",IFERROR((4-MATCH(H12,{"Critical","Major","Minor","Trivial"},0))*10+(4-MATCH(I12,{"High","Medium","Low"},0))+(100-ROW())/1000,0))
P13: =IF(A13="","",IFERROR((4-MATCH(H13,{"Critical","Major","Minor","Trivial"},0))*10+(4-MATCH(I13,{"High","Medium","Low"},0))+(100-ROW())/1000,0))
P14: =IF(A14="","",IFERROR((4-MATCH(H14,{"Critical","Major","Minor","Trivial"},0))*10+(4-MATCH(I14,{"High","Medium","Low"},0))+(100-ROW())/1000,0))
P15: =IF(A15="","",IFERROR((4-MATCH(H15,{"Critical","Major","Minor","Trivial"},0))*10+(4-MATCH(I15,{"High","Medium","Low"},0))+(100-ROW())/1000,0))
P16: =IF(A16="","",IFERROR((4-MATCH(H16,{"Critical","Major","Minor","Trivial"},0))*10+(4-MATCH(I16,{"High","Medium","Low"},0))+(100-ROW())/1000,0))
P17: =IF(A17="","",IFERROR((4-MATCH(H17,{"Critical","Major","Minor","Trivial"},0))*10+(4-MATCH(I17,{"High","Medium","Low"},0))+(100-ROW())/1000,0))
P18: =IF(A18="","",IFERROR((4-MATCH(H18,{"Critical","Major","Minor","Trivial"},0))*10+(4-MATCH(I18,{"High","Medium","Low"},0))+(100-ROW())/1000,0))
P19: =IF(A19="","",IFERROR((4-MATCH(H19,{"Critical","Major","Minor","Trivial"},0))*10+(4-MATCH(I19,{"High","Medium","Low"},0))+(100-ROW())/1000,0))
P20: =IF(A20="","",IFERROR((4-MATCH(H20,{"Critical","Major","Minor","Trivial"},0))*10+(4-MATCH(I20,{"High","Medium","Low"},0))+(100-ROW())/1000,0))
P21: =IF(A21="","",IFERROR((4-MATCH(H21,{"Critical","Major","Minor","Trivial"},0))*10+(4-MATCH(I21,{"High","Medium","Low"},0))+(100-ROW())/1000,0))
... P60: =IF(A60="","",IFERROR((4-MATCH(H60,{"Critical","Major","Minor","Trivial"},0))*10+(4-MATCH(I60,{"High","Medium","Low"},0))+(100-ROW())/1000,0))

Sheet Defect_Summary
A1: Defect Summary - Paperless-ngx v3.3.0
A2: All figures are formulas that read the DefectLog sheet, so they update when you add or change a defect.
A3: Total defects found | B3: =COUNTA(DefectLog!$A$2:$A$300) -> 7 | H3: The Top 5 most critical defects are on the Top5_Defects sheet.
A5: Defects by severity
A6: Severity | B6: Count | C6: % of total
A7: Critical | B7: =COUNTIF(DefectLog!$H$2:$H$300,A7) -> 0 | C7: =IF($B$3=0,0,B7/$B$3) -> 0
A8: Major | B8: =COUNTIF(DefectLog!$H$2:$H$300,A8) -> 1 | C8: =IF($B$3=0,0,B8/$B$3) -> 0.14285714
A9: Minor | B9: =COUNTIF(DefectLog!$H$2:$H$300,A9) -> 6 | C9: =IF($B$3=0,0,B9/$B$3) -> 0.85714286
A10: Trivial | B10: =COUNTIF(DefectLog!$H$2:$H$300,A10) -> 0 | C10: =IF($B$3=0,0,B10/$B$3) -> 0
A11: Total | B11: =SUM(B7:B10) -> 7 | C11: =IF($B$3=0,0,B11/$B$3) -> 1
A13: Defects by priority
A14: Priority | B14: Count | C14: % of total
A15: High | B15: =COUNTIF(DefectLog!$I$2:$I$300,A15) -> 0 | C15: =IF($B$3=0,0,B15/$B$3) -> 0
A16: Medium | B16: =COUNTIF(DefectLog!$I$2:$I$300,A16) -> 3 | C16: =IF($B$3=0,0,B16/$B$3) -> 0.42857143
A17: Low | B17: =COUNTIF(DefectLog!$I$2:$I$300,A17) -> 4 | C17: =IF($B$3=0,0,B17/$B$3) -> 0.57142857
A18: Total | B18: =SUM(B15:B17) -> 7 | C18: =IF($B$3=0,0,B18/$B$3) -> 1
A20: Defects by status
A21: Status | B21: Count | C21: % of total
A22: Open | B22: =COUNTIF(DefectLog!$J$2:$J$300,A22) -> 7 | C22: =IF($B$3=0,0,B22/$B$3) -> 1
A23: Fixed | B23: =COUNTIF(DefectLog!$J$2:$J$300,A23) -> 0 | C23: =IF($B$3=0,0,B23/$B$3) -> 0
A24: Closed | B24: =COUNTIF(DefectLog!$J$2:$J$300,A24) -> 0 | C24: =IF($B$3=0,0,B24/$B$3) -> 0
A25: Rejected | B25: =COUNTIF(DefectLog!$J$2:$J$300,A25) -> 0 | C25: =IF($B$3=0,0,B25/$B$3) -> 0
A26: Deferred | B26: =COUNTIF(DefectLog!$J$2:$J$300,A26) -> 0 | C26: =IF($B$3=0,0,B26/$B$3) -> 0
A27: Total | B27: =SUM(B22:B26) -> 7 | C27: =IF($B$3=0,0,B27/$B$3) -> 1
A30: Defects by module
A31: Module | B31: Total | C31: Critical | D31: Major | E31: Minor | F31: Trivial
A32: M1 Auth & Users | B32: =COUNTIF(DefectLog!$C$2:$C$300,A32) -> 1 | C32: =COUNTIFS(DefectLog!$C$2:$C$300,$A32,DefectLog!$H$2:$H$300,"Critical") -> 0 | D32: =COUNTIFS(DefectLog!$C$2:$C$300,$A32,DefectLog!$H$2:$H$300,"Major") -> 0 | E32: =COUNTIFS(DefectLog!$C$2:$C$300,$A32,DefectLog!$H$2:$H$300,"Minor") -> 1 | F32: =COUNTIFS(DefectLog!$C$2:$C$300,$A32,DefectLog!$H$2:$H$300,"Trivial") -> 0
A33: M2 Documents | B33: =COUNTIF(DefectLog!$C$2:$C$300,A33) -> 0 | C33: =COUNTIFS(DefectLog!$C$2:$C$300,$A33,DefectLog!$H$2:$H$300,"Critical") -> 0 | D33: =COUNTIFS(DefectLog!$C$2:$C$300,$A33,DefectLog!$H$2:$H$300,"Major") -> 0 | E33: =COUNTIFS(DefectLog!$C$2:$C$300,$A33,DefectLog!$H$2:$H$300,"Minor") -> 0 | F33: =COUNTIFS(DefectLog!$C$2:$C$300,$A33,DefectLog!$H$2:$H$300,"Trivial") -> 0
A34: M3 Attributes | B34: =COUNTIF(DefectLog!$C$2:$C$300,A34) -> 4 | C34: =COUNTIFS(DefectLog!$C$2:$C$300,$A34,DefectLog!$H$2:$H$300,"Critical") -> 0 | D34: =COUNTIFS(DefectLog!$C$2:$C$300,$A34,DefectLog!$H$2:$H$300,"Major") -> 1 | E34: =COUNTIFS(DefectLog!$C$2:$C$300,$A34,DefectLog!$H$2:$H$300,"Minor") -> 3 | F34: =COUNTIFS(DefectLog!$C$2:$C$300,$A34,DefectLog!$H$2:$H$300,"Trivial") -> 0
A35: M4 Search & Saved Views | B35: =COUNTIF(DefectLog!$C$2:$C$300,A35) -> 2 | C35: =COUNTIFS(DefectLog!$C$2:$C$300,$A35,DefectLog!$H$2:$H$300,"Critical") -> 0 | D35: =COUNTIFS(DefectLog!$C$2:$C$300,$A35,DefectLog!$H$2:$H$300,"Major") -> 0 | E35: =COUNTIFS(DefectLog!$C$2:$C$300,$A35,DefectLog!$H$2:$H$300,"Minor") -> 2 | F35: =COUNTIFS(DefectLog!$C$2:$C$300,$A35,DefectLog!$H$2:$H$300,"Trivial") -> 0
A36: M5 Workflows & Matching | B36: =COUNTIF(DefectLog!$C$2:$C$300,A36) -> 0 | C36: =COUNTIFS(DefectLog!$C$2:$C$300,$A36,DefectLog!$H$2:$H$300,"Critical") -> 0 | D36: =COUNTIFS(DefectLog!$C$2:$C$300,$A36,DefectLog!$H$2:$H$300,"Major") -> 0 | E36: =COUNTIFS(DefectLog!$C$2:$C$300,$A36,DefectLog!$H$2:$H$300,"Minor") -> 0 | F36: =COUNTIFS(DefectLog!$C$2:$C$300,$A36,DefectLog!$H$2:$H$300,"Trivial") -> 0
A37: M6 Trash & Bulk Actions | B37: =COUNTIF(DefectLog!$C$2:$C$300,A37) -> 0 | C37: =COUNTIFS(DefectLog!$C$2:$C$300,$A37,DefectLog!$H$2:$H$300,"Critical") -> 0 | D37: =COUNTIFS(DefectLog!$C$2:$C$300,$A37,DefectLog!$H$2:$H$300,"Major") -> 0 | E37: =COUNTIFS(DefectLog!$C$2:$C$300,$A37,DefectLog!$H$2:$H$300,"Minor") -> 0 | F37: =COUNTIFS(DefectLog!$C$2:$C$300,$A37,DefectLog!$H$2:$H$300,"Trivial") -> 0
A38: Total | B38: =SUM(B32:B37) -> 7 | C38: =SUM(C32:C37) -> 0 | D38: =SUM(D32:D37) -> 1 | E38: =SUM(E32:E37) -> 6 | F38: =SUM(F32:F37) -> 0

Sheet Summary
A1: Test Execution Summary - Paperless-ngx v3.3.0
A3: Metric | B3: Value
A4: Total test cases designed | B4: =COUNTA(TestCases!$A$2:$A$300) -> 67
A5: Test cases executed (Passed + Failed) | B5: =B6+B7 -> 66
A6: Passed | B6: =COUNTIF(TestCases!$J$2:$J$300,"Pass") -> 59
A7: Failed | B7: =COUNTIF(TestCases!$J$2:$J$300,"Fail") -> 7
A8: Blocked | B8: =COUNTIF(TestCases!$J$2:$J$300,"Blocked") -> 1
A9: Not executed | B9: =COUNTIF(TestCases!$J$2:$J$300,"Not Executed") -> 0
A10: Pass percentage (Passed / Executed) | B10: =IF(B5=0,0,B6/B5) -> 0.89393939
A11: Execution effort (hours) - enter total | B11: 15
A13: Module-wise breakdown
A14: Module | B14: Total | C14: Passed | D14: Failed | E14: Blocked | F14: Not Executed | G14: Defects
A15: M1 Auth & Users | B15: =COUNTIF(TestCases!$B$2:$B$300,A15) -> 12 | C15: =COUNTIFS(TestCases!$B$2:$B$300,$A15,TestCases!$J$2:$J$300,"Pass") -> 11 | D15: =COUNTIFS(TestCases!$B$2:$B$300,$A15,TestCases!$J$2:$J$300,"Fail") -> 1 | E15: =COUNTIFS(TestCases!$B$2:$B$300,$A15,TestCases!$J$2:$J$300,"Blocked") -> 0 | F15: =COUNTIFS(TestCases!$B$2:$B$300,$A15,TestCases!$J$2:$J$300,"Not Executed") -> 0 | G15: =COUNTIF(DefectLog!$C$2:$C$300,A15) -> 1
A16: M2 Documents | B16: =COUNTIF(TestCases!$B$2:$B$300,A16) -> 12 | C16: =COUNTIFS(TestCases!$B$2:$B$300,$A16,TestCases!$J$2:$J$300,"Pass") -> 11 | D16: =COUNTIFS(TestCases!$B$2:$B$300,$A16,TestCases!$J$2:$J$300,"Fail") -> 0 | E16: =COUNTIFS(TestCases!$B$2:$B$300,$A16,TestCases!$J$2:$J$300,"Blocked") -> 1 | F16: =COUNTIFS(TestCases!$B$2:$B$300,$A16,TestCases!$J$2:$J$300,"Not Executed") -> 0 | G16: =COUNTIF(DefectLog!$C$2:$C$300,A16) -> 0
A17: M3 Attributes | B17: =COUNTIF(TestCases!$B$2:$B$300,A17) -> 16 | C17: =COUNTIFS(TestCases!$B$2:$B$300,$A17,TestCases!$J$2:$J$300,"Pass") -> 12 | D17: =COUNTIFS(TestCases!$B$2:$B$300,$A17,TestCases!$J$2:$J$300,"Fail") -> 4 | E17: =COUNTIFS(TestCases!$B$2:$B$300,$A17,TestCases!$J$2:$J$300,"Blocked") -> 0 | F17: =COUNTIFS(TestCases!$B$2:$B$300,$A17,TestCases!$J$2:$J$300,"Not Executed") -> 0 | G17: =COUNTIF(DefectLog!$C$2:$C$300,A17) -> 4
A18: M4 Search & Saved Views | B18: =COUNTIF(TestCases!$B$2:$B$300,A18) -> 11 | C18: =COUNTIFS(TestCases!$B$2:$B$300,$A18,TestCases!$J$2:$J$300,"Pass") -> 9 | D18: =COUNTIFS(TestCases!$B$2:$B$300,$A18,TestCases!$J$2:$J$300,"Fail") -> 2 | E18: =COUNTIFS(TestCases!$B$2:$B$300,$A18,TestCases!$J$2:$J$300,"Blocked") -> 0 | F18: =COUNTIFS(TestCases!$B$2:$B$300,$A18,TestCases!$J$2:$J$300,"Not Executed") -> 0 | G18: =COUNTIF(DefectLog!$C$2:$C$300,A18) -> 2
A19: M5 Workflows & Matching | B19: =COUNTIF(TestCases!$B$2:$B$300,A19) -> 9 | C19: =COUNTIFS(TestCases!$B$2:$B$300,$A19,TestCases!$J$2:$J$300,"Pass") -> 9 | D19: =COUNTIFS(TestCases!$B$2:$B$300,$A19,TestCases!$J$2:$J$300,"Fail") -> 0 | E19: =COUNTIFS(TestCases!$B$2:$B$300,$A19,TestCases!$J$2:$J$300,"Blocked") -> 0 | F19: =COUNTIFS(TestCases!$B$2:$B$300,$A19,TestCases!$J$2:$J$300,"Not Executed") -> 0 | G19: =COUNTIF(DefectLog!$C$2:$C$300,A19) -> 0
A20: M6 Trash & Bulk Actions | B20: =COUNTIF(TestCases!$B$2:$B$300,A20) -> 7 | C20: =COUNTIFS(TestCases!$B$2:$B$300,$A20,TestCases!$J$2:$J$300,"Pass") -> 7 | D20: =COUNTIFS(TestCases!$B$2:$B$300,$A20,TestCases!$J$2:$J$300,"Fail") -> 0 | E20: =COUNTIFS(TestCases!$B$2:$B$300,$A20,TestCases!$J$2:$J$300,"Blocked") -> 0 | F20: =COUNTIFS(TestCases!$B$2:$B$300,$A20,TestCases!$J$2:$J$300,"Not Executed") -> 0 | G20: =COUNTIF(DefectLog!$C$2:$C$300,A20) -> 0
A21: Total | B21: =SUM(B15:B20) -> 67 | C21: =SUM(C15:C20) -> 59 | D21: =SUM(D15:D20) -> 7 | E21: =SUM(E15:E20) -> 1 | F21: =SUM(F15:F20) -> 0 | G21: =SUM(G15:G20) -> 7
A23: Defect summary
A24: Total defects | B24: =COUNTA(DefectLog!$A$2:$A$300) -> 7
A26: Severity | B26: Count | D26: Priority | E26: Count | G26: Status | H26: Count
A27: Critical | B27: =COUNTIF(DefectLog!$H$2:$H$300,A27) -> 0 | D27: High | E27: =COUNTIF(DefectLog!$I$2:$I$300,D27) -> 0 | G27: Open | H27: =COUNTIF(DefectLog!$J$2:$J$300,G27) -> 7
A28: Major | B28: =COUNTIF(DefectLog!$H$2:$H$300,A28) -> 1 | D28: Medium | E28: =COUNTIF(DefectLog!$I$2:$I$300,D28) -> 3 | G28: Fixed | H28: =COUNTIF(DefectLog!$J$2:$J$300,G28) -> 0
A29: Minor | B29: =COUNTIF(DefectLog!$H$2:$H$300,A29) -> 6 | D29: Low | E29: =COUNTIF(DefectLog!$I$2:$I$300,D29) -> 4 | G29: Closed | H29: =COUNTIF(DefectLog!$J$2:$J$300,G29) -> 0
A30: Trivial | B30: =COUNTIF(DefectLog!$H$2:$H$300,A30) -> 0 | G30: Rejected | H30: =COUNTIF(DefectLog!$J$2:$J$300,G30) -> 0
G31: Deferred | H31: =COUNTIF(DefectLog!$J$2:$J$300,G31) -> 0
A34: Test design technique coverage (a test may use more than one technique)
A35: Technique | B35: Test cases
A36: EP | B36: =COUNTIF(TestCases!$M$2:$M$300,"*"&A36&"*") -> 38
A37: BVA | B37: =COUNTIF(TestCases!$M$2:$M$300,"*"&A37&"*") -> 12
A38: DT | B38: =COUNTIF(TestCases!$M$2:$M$300,"*"&A38&"*") -> 8
A39: ST | B39: =COUNTIF(TestCases!$M$2:$M$300,"*"&A39&"*") -> 9
A40: EG | B40: =COUNTIF(TestCases!$M$2:$M$300,"*"&A40&"*") -> 13

Sheet Top5_Defects
A1: Top 5 Most Critical Defects - Paperless-ngx v3.3.0
A2: Ranking rule: higher severity first (Critical, Major, Minor, Trivial), then higher priority (High, Medium, Low), then the earlier defect ID. Updates automatically from the DefectLog sheet.
A4: Rank | B4: Defect ID | C4: Title | D4: Module | E4: Severity | F4: Priority | G4: Impact
A5: 1 | B5: =IFERROR(INDEX(DefectLog!$A$2:$A$60,MATCH(IFERROR(LARGE(DefectLog!$P$2:$P$60,1),""),DefectLog!$P$2:$P$60,0)),"") -> DEF-001 | C5: =IFERROR(INDEX(DefectLog!$B$2:$B$60,MATCH(IFERROR(LARGE(DefectLog!$P$2:$P$60,1),""),DefectLog!$P$2:$P$60,0)),"") -> Empty option label in a Select custom field causes a 500 Internal Server Error | D5: =IFERROR(INDEX(DefectLog!$C$2:$C$60,MATCH(IFERROR(LARGE(DefectLog!$P$2:$P$60,1),""),DefectLog!$P$2:$P$60,0)),"") -> M3 Attributes | E5: =IFERROR(INDEX(DefectLog!$H$2:$H$60,MATCH(IFERROR(LARGE(DefectLog!$P$2:$P$60,1),""),DefectLog!$P$2:$P$60,0)),"") -> Major | F5: =IFERROR(INDEX(DefectLog!$I$2:$I$60,MATCH(IFERROR(LARGE(DefectLog!$P$2:$P$60,1),""),DefectLog!$P$2:$P$60,0)),"") -> Medium | G5: =IFERROR(INDEX(DefectLog!$O$2:$O$60,MATCH(IFERROR(LARGE(DefectLog!$P$2:$P$60,1),""),DefectLog!$P$2:$P$60,0)),"") -> A blank option label crashes the server instead of showing a validation message, so the Select field cannot be created and the cause is unclear to the user.
A6: 2 | B6: =IFERROR(INDEX(DefectLog!$A$2:$A$60,MATCH(IFERROR(LARGE(DefectLog!$P$2:$P$60,2),""),DefectLog!$P$2:$P$60,0)),"") -> DEF-005 | C6: =IFERROR(INDEX(DefectLog!$B$2:$B$60,MATCH(IFERROR(LARGE(DefectLog!$P$2:$P$60,2),""),DefectLog!$P$2:$P$60,0)),"") -> Restricted user sees a raw 403 'Error loading settings' popup and an empty menu | D6: =IFERROR(INDEX(DefectLog!$C$2:$C$60,MATCH(IFERROR(LARGE(DefectLog!$P$2:$P$60,2),""),DefectLog!$P$2:$P$60,0)),"") -> M1 Auth & Users | E6: =IFERROR(INDEX(DefectLog!$H$2:$H$60,MATCH(IFERROR(LARGE(DefectLog!$P$2:$P$60,2),""),DefectLog!$P$2:$P$60,0)),"") -> Minor | F6: =IFERROR(INDEX(DefectLog!$I$2:$I$60,MATCH(IFERROR(LARGE(DefectLog!$P$2:$P$60,2),""),DefectLog!$P$2:$P$60,0)),"") -> Medium | G6: =IFERROR(INDEX(DefectLog!$O$2:$O$60,MATCH(IFERROR(LARGE(DefectLog!$P$2:$P$60,2),""),DefectLog!$P$2:$P$60,0)),"") -> A user with limited permissions sees a raw error and an almost empty menu, with no explanation of what is missing.
A7: 3 | B7: =IFERROR(INDEX(DefectLog!$A$2:$A$60,MATCH(IFERROR(LARGE(DefectLog!$P$2:$P$60,3),""),DefectLog!$P$2:$P$60,0)),"") -> DEF-007 | C7: =IFERROR(INDEX(DefectLog!$B$2:$B$60,MATCH(IFERROR(LARGE(DefectLog!$P$2:$P$60,3),""),DefectLog!$P$2:$P$60,0)),"") -> Custom field filter with an empty value shows a raw error ('custom_field_query: undefined') | D7: =IFERROR(INDEX(DefectLog!$C$2:$C$60,MATCH(IFERROR(LARGE(DefectLog!$P$2:$P$60,3),""),DefectLog!$P$2:$P$60,0)),"") -> M4 Search & Saved Views | E7: =IFERROR(INDEX(DefectLog!$H$2:$H$60,MATCH(IFERROR(LARGE(DefectLog!$P$2:$P$60,3),""),DefectLog!$P$2:$P$60,0)),"") -> Minor | F7: =IFERROR(INDEX(DefectLog!$I$2:$I$60,MATCH(IFERROR(LARGE(DefectLog!$P$2:$P$60,3),""),DefectLog!$P$2:$P$60,0)),"") -> Medium | G7: =IFERROR(INDEX(DefectLog!$O$2:$O$60,MATCH(IFERROR(LARGE(DefectLog!$P$2:$P$60,3),""),DefectLog!$P$2:$P$60,0)),"") -> An incomplete filter breaks the document list with an unreadable error until the filter is reset.
A8: 4 | B8: =IFERROR(INDEX(DefectLog!$A$2:$A$60,MATCH(IFERROR(LARGE(DefectLog!$P$2:$P$60,4),""),DefectLog!$P$2:$P$60,0)),"") -> DEF-002 | C8: =IFERROR(INDEX(DefectLog!$B$2:$B$60,MATCH(IFERROR(LARGE(DefectLog!$P$2:$P$60,4),""),DefectLog!$P$2:$P$60,0)),"") -> Select custom field with no options shows a raw API error instead of a clear message | D8: =IFERROR(INDEX(DefectLog!$C$2:$C$60,MATCH(IFERROR(LARGE(DefectLog!$P$2:$P$60,4),""),DefectLog!$P$2:$P$60,0)),"") -> M3 Attributes | E8: =IFERROR(INDEX(DefectLog!$H$2:$H$60,MATCH(IFERROR(LARGE(DefectLog!$P$2:$P$60,4),""),DefectLog!$P$2:$P$60,0)),"") -> Minor | F8: =IFERROR(INDEX(DefectLog!$I$2:$I$60,MATCH(IFERROR(LARGE(DefectLog!$P$2:$P$60,4),""),DefectLog!$P$2:$P$60,0)),"") -> Low | G8: =IFERROR(INDEX(DefectLog!$O$2:$O$60,MATCH(IFERROR(LARGE(DefectLog!$P$2:$P$60,4),""),DefectLog!$P$2:$P$60,0)),"") -> Users see internal API wording instead of a plain instruction to add an option, so the fix is hard to find.
A9: 5 | B9: =IFERROR(INDEX(DefectLog!$A$2:$A$60,MATCH(IFERROR(LARGE(DefectLog!$P$2:$P$60,5),""),DefectLog!$P$2:$P$60,0)),"") -> DEF-003 | C9: =IFERROR(INDEX(DefectLog!$B$2:$B$60,MATCH(IFERROR(LARGE(DefectLog!$P$2:$P$60,5),""),DefectLog!$P$2:$P$60,0)),"") -> Whitespace-only option label is accepted in a Select custom field | D9: =IFERROR(INDEX(DefectLog!$C$2:$C$60,MATCH(IFERROR(LARGE(DefectLog!$P$2:$P$60,5),""),DefectLog!$P$2:$P$60,0)),"") -> M3 Attributes | E9: =IFERROR(INDEX(DefectLog!$H$2:$H$60,MATCH(IFERROR(LARGE(DefectLog!$P$2:$P$60,5),""),DefectLog!$P$2:$P$60,0)),"") -> Minor | F9: =IFERROR(INDEX(DefectLog!$I$2:$I$60,MATCH(IFERROR(LARGE(DefectLog!$P$2:$P$60,5),""),DefectLog!$P$2:$P$60,0)),"") -> Low | G9: =IFERROR(INDEX(DefectLog!$O$2:$O$60,MATCH(IFERROR(LARGE(DefectLog!$P$2:$P$60,5),""),DefectLog!$P$2:$P$60,0)),"") -> A blank-looking option can be saved and shows up as an empty choice on documents, which confuses users picking a value.
